Read Num, Time Elapsed (sec), 
1, 0.000344, 
2, 0.000211, 
3, 0.00015, 
4, 0.000229, 
5, 0.003043, 


Insert Num, Time Elapased (sec), 
1, 0.000412, 
2, 0.000324, 
3, 0.000313, 
4, 0.000287, 
5, 0.000298, 


Update Num, Time Elapsed (sec), 
1, 0.000466, 
2, 0.000347, 
3, 0.000326, 
4, 0.000309, 
5, 0.000307, 


Delete Num, Time Elapsed (sec), 
1, 0.000158, 
2, 0.000206, 
3, 0.000138, 
4, 0.000131, 
5, 0.000168, 


